telo	chr1e	GGGTTGGGTCCTGTGTCGAGGGTTGGGTATCCGTGCCTTGTCTCTGTGGTTGTCTGTGGTGCTTGTCTGT
telo	chr1s	GGGACTGGTGTTGTGTTGTCCTGGCTGTTGTCGTGTCGGTGTTTAGTTTTGACTAAGGTGTA
telo	chr2e	GGGACTGGTGTTGTGTTGTCCTGGCTGTTGTCGTGTCGGTGTTTAGTTTTGACTAAGGTGTA
telo	chr2s	GGGGCCGTTGGCCCGTGTGAGTTCCCTGTTGTTGTTAGCCCTTCGCTATGACTGAGGGGAAGGGATCCATGTGTAGGCTAGTTGCCTGTTTAGTTTTGGCGCCGTTGGCGC
telo	chr3e	GGGACTGGTGTTGTGTTGTCCTGGCTGTTGTCGTGTCGGTGTTTAGTTTTGACTAAGGTGTA
telo	chr3s	GGGTTGGGTCCTGTGTCGAGGGTTGGGTATCCGTGCCTTGTCTCTGTGGTTGTCTGTGGTGCTTGTCTGT
telo	chr4e	GGTGTCTGGTGCGGTTGCGGTTCCGAGGCTTAGGTATCCGTGTGTTGTCTCTGTTGTGTGT
telo	chr4s	GGGACTGGTGTTGTGTTGTCCTGGCTGTTGTCGTGTCGGTGTTTAGTTTTGACTAAGGCGTA
telo	chr5e	GGGTTGGGTCCTGTGTCGAGGGTTGGGTATCCGTGCCTTGTCTCTGTGGTTGTCTGTGGTGCTTGTCTGT
telo	chr5s	GGGGCAGGTATCCGTTGTTGTTACTTAGTGGTCGTTTGTTTTAGGGCGAGGCGTAGGGATCTACCACTGGGTGGCGTTGTGATTGACCGGTGGTGTGCGTGTCTGTCTTGGTTCGGTTGCGA
telo	chr6s	GGGGTAGGGATCCGTTGGTGTTCCTTCTTCTTCTGCTCCTGTTGTGTTGTGCTGA
telo	chr6e	GGGGTAGGGATCCGTTGGTGTTCCTTCTTCTTCTGCTCCTGTTGTGTTGTGCTGA
sub	chr1s	GGGATCTACCACTGGTGTTGTGTTGTCCTGGCTGTTGTCGTGTCGGTGTTTAGTTTTGACTAAGGCGTA
sub	chr2s	GGGGCCGTTGGCCCGTGTGAGTTCCCTGTTGTTGTTAGCCCTTCGCTATGACTGAGGGGAAGGGATCAATGGGTAGCCTAGTTGCCTGTTTAGTTTTGGCGCCGTTGGCGC
sub1	chr2e	GGGATCCACGACTGGTGTTGTGTTGCCGTGCCTGTTGTCGTGTGCTGCTTTTGTTTTGACTAAGGCGTA
sub2	chr2e	GGGACTGGTGTTGTGTTGCCGTGCCTGTTGTCGTGTGCTGCTTTTGTTTTGACTAAGGCGTA
