telo	chr01e	GGGTAAATGAAGGTATATCTATTTCCTTAGTCTATTTTCGATTGATTCCAAGGTCTCTGTGTCCATTGCAATGGGGATCTA
telo	chr01s	GGGTACTTGAAGAACTATCTGTGCTGTTTGGTTGTCTGTCTAGGGTACATGAAGAGTGTTGTGATTCATTGTCATTGTCCTTTTCGCCCCTTGCGA
telo	chr02e	GGGTAAATGAAGGGTTGTCATTGGTCCTCGTCGCCATTGTCTCTGTTTTGTAATCGGTTTCTA
telo	chr02s	GGGTACTTGAAGAACTATCTGTGCTGTTTGGTTGTCTGTCTAGGGTACATGAAGAGTGTTGTGATTCATTGTCATTCATTGTCCTGTCCGCCCCTTGCGA
telo	chr03e	GGGTACTTGAAGAACTATCTGTGCTGTTTGGTTGTCTGTCTAGGGTACATGAAGAGTGTTGTGATTCATTGTCATTCATTGTCCTGTCCGCCCCTTGCGA
telo	chr03s	GGGTGCTTGAAGAGCGTTGTCTGTCTGTGGTTGTAGTGTGA
telo	chr04e	GGGTAAATGAAGGTATATCTATTTCCTTAGTCTATTTTCGATTGATTCCAAGGTCTCTGTGTCCATTGCAATGGGGATCTA
telo	chr04s	GGGTACTTGAAGAACTATCTGTGCTGTTTGGTTGTCTGTCTAGGGTACATGAAGAGTGTTGTGATTCATTGTCATTGTCCTGTCCGCCCCTTGCGA
telo	chr05e	GGGTACTTGAAGAACTATCTGTGCTGTTTGGTTGTCTGTCTAGGGTACATGAAGAGTGTTGTGATTCATTGTCATTCATTGTCCTGTCCGCCCCTTGCGA
telo	chr05s	GGGAGTGTTTTGGTAGTGCCTGTGCGAGGCTATTTGAAGCCACTTGTGATCCTTT
telo	chr06e	GGGTACTTGAAGAACTATCTGTGCTGTTTGGTTGTCTGTCTAGGGTACATGAAGAGTGTTGTGATTCATTGTCATTCATTGTCCTGTCCGCCCCTTGCGA
telo	chr06s	GGGTACGTGAAGCGTAGTCCGTGTCTGTTCAGTCTCTGTCGA
telo	chr07e	GGGTACTTGAAGAACTATCTGTGCTGTTTGGTTGTCTGTCTAGGGTACATGAAGAGTGTTGTGATTCATTGTCATTCATTGTCCTGTCCGCCCCTTGCGA
telo	chr07s	GGGTACTTGAAGAACCGTTCGTTTCTGTTCGGTCTCTGTCGAGGGTACATGAAGAGTGTTGTCATTCCTTTTCATAGTCCTTTTCGCTGCTTGCGA
telo	chr08e	GGGTACTTGAAGAACTATCTGTGCTGTTTGGTTGTCTGTCTAGGGTACATGAAGAGTGTTGTGATTCATTGTCATTGTCCTGTCCGCCCCTTGCGA
telo	chr08s	GGGGACTGAGGGTAAATGAAGCATATTTCAGAGCATGCAAAGGCAATAGAGTCGATCTAAAA
telo	chr09e	GGGGTTGCTCCCTGTCCATCCAGTCACTTGCTAGGAGATCTGAAGGGGTTTGTCCTTGTCTTTTCCTGTTTTCCCAGTGCCGTA
telo	chr09s	GGGTACTTGAAGAACTATCTGTGCTGTTTGGTTGTCTGTCTAGGGTACATGAAGAGTGTTGTGATTCATTGTCATTCATTGTCCTGTCCGCCCCTTGCGA
telo	chr10e	GGGTACTTGAAGAACTATCTGTGCTGTTTGGTTGTCTGTCTAGGGTACATGAAGAGTGTTGTGATTCATTGTCATTCATTGTCCTGTCCGCCCCTTGCGA
telo	chr10s	GGGTACTTGAAGAACTATCTGTGCTGTTTGGTTGTCTGTCTAGGGTACATGAAGAGTGTTGTGATTCATTGTCATTGTCCTGTCCGCCCTTTGCGA
telo	chr11e	GGGGTGTGAGGGTCTCTGAAGCCATAAAGGGTGTTCTTTGGTGCTTGTTCCTCGTTTTATTGTTGTTTTTGTGTGTTTTCATT
telo	chr11s	GGGTACGTGAAGCGTAGTCCGTGTCTGTTCAGTCTCTGTCGA
telo	chr12e	GGGTACTTGAAGAACTATCTGTGCTGTTTGGTTGTCTGTCTAGGGTACATGAAGAGTGTTGTGATTCATTGTCATTCATTGTCCTGTCCGCCCTTGCGA
telo	chr12s	GGGTAAATGAAGGGTGTTTGTAGGTTGTTAATTGGCCCCTTAACGGTTTTTGATTGGTTTTGTAATCGGTTTCTA
telo	chr13e	GGGTACTTGAAGAACTATCTGTGCTGTTTGGTTGTCTGTCTAGGGTACATGAAGAGTGTTGTGATTCATTGTCATTGTCCTGTCCGCCCCTTGCGA
telo	chr13s	GGGATCTAGGGTAAATGAAGGTATATGGTCATCCTTAGGCGATTTTTGCTTAATCCAGATGTGTCTGTATGGCCATAGATA
telo	chr14e	GGGTACTTGAAGAACTATCTGTGCTGTTTGGTTGTCTGTCTAGGGTACATGAAGAGTGTTGTGATTCATTGTCATTCATTGTCCTGTCCGCCCCTTGCGA
telo	chr14s	GGGTGCTTGAAGAGCGTTGTCTGTCTGTGGTTGTAGTGTGA
telo	chr15e	GGGATTGAGGGTAAATGAAGGTATCTGTGTTGCCTTTGGTCATTCTGGGTTCATCTGGAGGTGCCTGTATCGCCATAGATA
telo	chr15s	GGGTACTTGAAGAACTATCTGTGCTGTTTGGTTGTCTGTCTAGGGTACATGAAGAGTGTTGTGATTCATTGTCATTCATTGTCCTGTCCGCCCCTTGCGA
telo	chr16e	GGGTGCTTGAAGAGCGTTGTCTGTCTGTGGTTGTAGTGTGA
telo	chr16s	GGGTACCTGAAGAGTGTTGTCTGTCCTTCCCTTTGTTCTCTGTCGA
sub1	chr02s	GGGTACTTGAAGAACAGTGTTGGTCTTTATCTGTAGCTGTTGTCCGCTTCTTGCGA
sub2	chr02s	GGGTACTTGAAGAACAGTTGTTGGTCTCTATCCGTTGTCCTCCTCCGCTTCTTGCGA
sub	chr03e	GGGTACTTGAAGAACAGTTGTTGGTCTCTATCCGTCGTCCCTCCTCCGCTTCTTGCGA
sub	chr04e	GGGGATCTGTGTTGCTCTGTCCGGATCTAGGGGCTCTGAAGTGCCTCTTATCTGATCTGT
sub	chr05e	GGGTACTTGAAGAACAGTGTTGGTCTCTATCCGTTGTCCTCCTCCGCTTCTTGCGA
sub	chr06e	GGGTACTTGAAGAACAGTTGTTGGTCTTTATCTGTAGCTCTTGTCCGCCTCTTGCGA
sub	chr07e	GGGGTGTTGTTGTCCTTGTCCGCTGCTTGCGAGGGTACTTGAA
sub	chr09s	GGGTACTTGAAGAACAGTTGTTGGTCTCTATCCGTCGTCCCTCCTCCGCTTCTTGCGA
sub	chr10s	GGGTACTTGAAGAACAGTTGTTGGTCTTTATCTGTAGCTCTTGTCCGCCTCTTGCGA
sub	chr10e	GGGTACTTGAAGAACCGTTGTATCGTCTTAGTCATCGCCCTGTCCGCTTCTTGCGA
sub	chr12e	GGGTACTTGAAGAACAGTTGTTGGTCTCTATCCGTCGTCCCTCCTCCGCTTCTTGCGA
sub	chr13e	GGGTACTTGAAGAACAGTGTTGGTCTTTATCTGTAGCTGTTGTCCGCTTCTTGCGA
sub1	chr14e	GGGTACTTGAAGAACCGTTGTATTGTCTTAGTCATAGCCTCCTCCGCTTCTTGCGA
sub2	chr14e	GGGTACTTGAAGAACCGTTCGTTTCTGTTCGGTCTCTGTCGAGGGTACATGAAGAGTGTTGTCATTCCTTTTCATAGTCCTTTTCGCCCCTTGCGA
sub3	chr14e	GGGTACTTGAAGAACAGTTGTTGGTCTCTATCCGTCGTCCCTCCTCCGCTTCTTGCGA
sub4	chr14e	GGGGTGTTGTTGTCCTCCTCCGCTTCTTGCGAGGGTACTTGAAGAACCGTTGTATTGTCTTAGTCATAGCCTCCTCCGCTTCTTGCGAGGGTACTTGAA
sub	chr15s	GGGTACTTGAAGAACCATTCGTTTCTGTTCGGTATCTGTCGAGGGTACATGAAGAGTGTTGTCATTCATTGTCATTCATAGTCCCTGTCCGCCTCTTGCGA
