telo	chr32e	GGGGGCAGGGAAGGTGTGGTTTGGTGTGGGGTTTGTGATTGGGAGCGTAGCGGTGGTGTGATTGTTGGAGTGGTCTGTCA
telo	chr34e	GGGTTGCAGCGTATCTGGGCCTTTTGGTGCACAGCTTGGCGATCGAGGCCCAGGAAAGGGTGCTTGTACGGTT
telo	chr38e	GGGGTGGGTGTGGCTCTTTGGCAGCGTAGCTTGTAGTGCGAGGGCCAGGAAAGGGTGTGGTGTGGTGTTGATTGGGAGCGTAGCTGTCCTCTGTCTGGCGTGGATCGTAGTGCGAGGGCCAGGAAA
telo	chr40e	GGGGCTTTTAGTGTGTGGTAGTGTCCAGCATTGGTTCTCTTGCGTAATAGGAAAGCCAGTACGGCATGATTGGCCTGTGGTACGGTGTATAGGTGGATGAGGTGGTGTGTTTGGCAGTGTCTCTGGCTGGCGTGGTTGCCTGGTTGGCGAGCTAC
telo	chr43e	GGGGCGGGAAAGGGGTGAGTGTGGCTTTGTGGGAGCGTAGGTGGCTTCCGTCTGGCGTAGCTTGTAGTGCGA
telo	chr48e	GGGGGATCAGGAAAGGCGTGGGTTGTGCACTTGCTGTGCGGTTGCTCTGCGCTTGTGGCGTAC
telo	chr01s	GGGGCTGGCTTTTGTTGTGAGCGGCGTGGGTGCGTGGCACTGGTCCGTCGAGTTCTCATTTGGGTCTGGTAA
telo	chr01e	GGGGGCTGCGTGGCCTCGTGTGCTGCGTGTGGCTACGGTAGCCGATCTCATCTGACTGAGGAAAGAGGGCGTA
telo	chr02s	GGGAAAGGGCTGAGTGGTGTGTGGTTGGTGATGGACCTTTTAGTCTATTGCGTGCTAGGAAAGCAGAATGCACTTGATCTTGATGGCTAGAGTTGTAGGGCACAGTGAGAGCTTTGCAATGATACCATTTAGGTCCTGATTGGGTGAATACTGGCGGAGGTATTGGT
telo	chr02e	GGGGTGGGTGTGGCTCTTTGGCAGCGTAGCTTGTAGTGCGAGGGCCAGGAAA
telo	chr03s	GGGCTGCTGTAGCCGTAACTGCTCTGTCAAGGCACAGGAAAGGGTCATGGTATGGTTTGCTTGTGGCGTACCT
telo	chr03e	GGTGGATCAGGAAAGATATGGTGTGTGGTTTTGAGTGGCGTACGACCTTGCTGTGCGCCGTTGCTTTGCTCT
telo	chr04s	GGCTTGGTGTGGCGTAGCCCGTGTGCAGTCTCCGTAGCTGTCTCAGCAAGGCCCAGGAAAGTGTGAGTGTAT
telo	chr04e	GGGGGATCAGTGCTAGCGTGGGTGCCCTCTAGGAATTAGGAAAGAGTGAGTGACGGATTGCGAGCTAGGGAAGGTATCTGGGCCTTTTGGTGCACAGCTTGGCGATCGAACCACCGGCGTAGCGTAGCCGGCGGTGGTGACTACCGGCGGATAGGCAAGTGGTGCGCTTGTGGCGTAC
telo	chr05s	GGGGCTTTTGAGCAGCGTAGCCGTTGATTTGGCTGGGTGTTTGTTCTGGCGTGGCCCAGGAAAGGGCTGTTGT
telo	chr05e	GGGGTAAGGGTTGAGCCTGTTATTTCTGGCGGCGAGGTGGGAAAGCCCTTTGGTTCCTC
telo	chr06s	GGGCGTAGGAAAGGGCTTGTAAGGCGCTGCGGACCAGCGCACTTGTGGTTTGCTGAGCATGGCTGACTTGCCA
telo	chr06e	GGGCCAGGAAAGCCAGCGTACGGCAACCGTAGGGCTGCCTGTGGCTCCGTAGCTGTGGTTCTGTGTCTGACCA
telo	chr07s	GGGCCCCAGAACCGGCTTTGGTTGGTCGATCTACTGCGAGATAGGAAAGTGTGGTGTGCTTGT
telo	chr07e	GGGGGGAAAGCCTGGCTGTATGGTTTCCTCCTAGCGTAGCTGGCTGCTTGGTGGCGTCATTCACCTACTGCGT
telo	chr08s	GGGGGCTGTCTCCTTCTACGGCCTCACATGGGTCAGGAAAGGGCGTGCTGTGGTGCGTAGCT
telo	chr08e	GGGGTGGGTGTGGCTCTTTGGCAGCGTAGCTTGTAGTGCGAGGGCCAGGAAA
telo	chr09s	GGGGGACCTTGGTCTTGACTGTGCTTAGCAGCCGTCTTGTGGCGAGGGTTAGGAACGAGCAGCTTAGTGACTTGCTTGGCGAGTGCTGACGCCAAAGAGT
telo	chr09e	TTGTCTTGTCCGGCGTATTCCGCCGTAGCCGATTGGCTACTGTTTGCTGGTGCTTGACTTCTGGGCGGGAAAGTGGCTGCTTTTGGCCTGCTTCTGGTGTGAATGGGTGTAGCCGTGGGTGGGCTCTGAGTGGTGGGAGTTGTGTGTGGCGTGGCT
telo	chr10s	GGGGTGGGCTGGGTGGGTAGCTCCTCTGTGTGGTCTTGAGCTCATCTCTTGCGGCGTAGGAAAGGTGGTTGT
telo	chr10e	GGGGATCGAGGGCCAGTCCTAGCGTGGGTATCTATCGGAGTTAGGAAAGAGTGTGTGGTGGTGTCCAGCCTTGGTTCTCCTGCGTAATAGCTGGCGTAGTAGCGCTCTGAGTTAGGAAAGTCTGCTCAGCGTACCGC
telo	chr11s	GGGGAGCAATCTGAGGGCCTTTTTGATTCTATTGGGGAACAGCTAGGGATCAGGAAAGGCTGTGACAATTTATTCAGAATTGTTTGGTTAAGGATTCACAGAGATATTTGGGTTGCAAAAGGTATGGTTTTGTGAATCTGTGGTAGTACGAT
telo	chr11e	GGGCCCTTGCGAGGAGCTGGAAAGGGCTATTGTGGCAGCGTACGGCTGAGTGACTGCCTTTGTGTACTGCTGC
telo	chr12s	GGGGGGTTATTGATTTTTGATCTCCGTAATCTGGCGCAGACCCCCAGAATCATCTTTGAACCACCGTATCTGGGTCAGGAAAGGGCGTATTGCTGTGGGACCTGGTGCATCTTGTAGAGCTTGGGGAGAGCTTTCTATCGGTACCAAACACTT
telo	chr12e	GGGGTGCGTTGGAGGGTGTGGCGAACTCTGGGGCGTCCGTAGCTTGCCGTGGGTCGCTCACAGGGCTGAGGAAAGAGGGAGCA
telo	chr13s	GGGCCGAGGGAGTGCCTTTTTGGGTTTCCGTGGATCCGAGCGAGGAGCTGGAAAGGGCTCTTGTGTTAGCGTA
telo	chr13e	GGGGTGGGTGTGGCTCTTTGGCAGCGTAGCTTGTAGTGCGAGGGCCAGGAAA
telo	chr14s	GGGCTCTTGGCTTTTGCGCCTGTCGAGGGTCAGGAACGGGCGATTGCGGCAGCGTAGTGGCGT
telo	chr14e	GGGAAAGGGCGTACTGCTGCCTGTGGCCTGCGTGGTGGTCCCCAACGGTCCGTAGCGGATCTGGTGCGTAGT
telo	chr15s	GGGAGGGCTCGGGAAAGAGGGCATAGGTCAGCGTACGGGTGGTGTACTGGCTTGCTCTGGGCCTGTGGTTACT
telo	chr15e	GGGTGCTGGAAAGGGTGTAGTGTTGGTTTTGAGTGGCGTAGTTGGCTGATCCTGTGTCTGTGGTGACTACGA
telo	chr16s	GGGGCTGGCGTTTGGTGTGATTGGCGTGTCCTTGTGTGAGTGGTGCGTAGTGCCCTCCTTTTGGTCTGGCAA
telo	chr16e	GGGGGTGCGGCTGATTGGCTGTGTGTGGTGATCTGATTGATCTGGTGCGGCGTAGGAAA
telo	chr17s	GGGGTTACGGCGAGGGATCTTGGTGAGACTTGGTGGGTGTGTTGTGGTGGTGCTTGTGGCCTCAGAACCGCCTTTAACCGCACAATTTCTCTCTGAATTAGGAAAGATCTATTCTTAGCTACATCCAGCGTAGTATAGAAGGGTGTTCCCA
telo	chr17e	GGGAGTGGGAAAGGGCCTGGTGTGGCTTTTGAGCGGCGTAGCTGGCTGGTCTCTGTTTGCTGGTGACTACCA
telo	chr18s	GGGCGTGAGGCGGCGTACGGGCATTGTCCTGTTCTGGAGACATCTCAGAGGGCTGAGGAAAGCCATGGTGTGTGCGTTACGGA
telo	chr18e	GGGGGATCAGTGCTAGCGTGGGTGCCCTCTAGGAATTAGGAAAGAGTGAGTGACGGATTGCGAGCTAGGGAAGGTATCTGGGCCTTTTGGTGCACAGCTTGGCGATCGAACCACCGGCGTAGCGTAGCCGGCGGTGGTGACTACCGGCGGATAGGCAAGTGGTGCGCTTGTGGCGTAC
telo	chr19s	GGGTGGAGGGCTCGTGTTTTGGCCCCCGTGGGTGACTTTTCGAGGCACAGGAAAGCGAAGCTGGATGTCTAACT
telo	chr19e	GGGGGTGTCTGGCTCTGTTGTGGTGCCCTGTGTTGAGAGGTGTGTTCAGTGGTTGGCGGCGTAATGGGGTTGGTGTGGTCTACAGTGTGGCTGGTGTTGGCTTGACTTTTCTAGCAGACTCAGGAAAGCCAGAACAGCAAGGATAGAGTGGTGTACGGTGTTGT
telo	chr20s	GGGGGGTCCTCCTCTGACTTGGGAAAGAGTGCGTGATTGAGATCCGGTAGGGCGGAGTGCTGATTGGGGGTCCTCTTTTGGGGCGGGAAAGGGTGGGTGGGTGGTGTTCTTGCGTGGCTCAGTGCTTAGT
telo	chr20e	GGGGGGTCCTCCTCTGACTTGGGAAAGAGTGCGTGATTGAGATCCGGTAGGGCGGAGTGCTGATTGGGGGTCCTCTTTTGGGGCGGGAAAGGGTGGGTGGGTGGTGTTCTTGCGTGGCTCAGTGCTTAGT
